qid,method,retrieved_doc_ids,relevant_doc_ids,hit,reciprocal_rank,recall_at_k,ndcg_at_k,context_precision,faithfulness,latency_ms,latency_breakdown
q01,bm25,"['git-branching', 'python-venv', 'git-remotes', 'fastapi-async', 'git-tags', 'pytest-fixtures', 'rest-http-methods', 'git-stash']",['git-branching'],True,1.0,"{1: 1.0, 3: 1.0, 5: 1.0, 10: 1.0}","{1: 1.0, 3: 1.0, 5: 1.0, 10: 1.0}",0.2,1.0,0.206,"{'bm25': 0.206, 'total_ms': 0.206}"
q02,bm25,"['git-branching', 'git-remotes', 'git-tags', 'numpy-dtypes', 'sql-joins', 'reranking-crossencoder']",['git-branching'],True,1.0,"{1: 1.0, 3: 1.0, 5: 1.0, 10: 1.0}","{1: 1.0, 3: 1.0, 5: 1.0, 10: 1.0}",0.2,1.0,0.112,"{'bm25': 0.112, 'total_ms': 0.112}"
q03,bm25,"['git-branching', 'git-remotes', 'git-tags', 'git-reset-revert', 'sql-indexes', 'dockerfile-best-practices', 'numpy-dtypes', 'bm25-explained', 'rest-http-methods']",['git-branching'],True,1.0,"{1: 1.0, 3: 1.0, 5: 1.0, 10: 1.0}","{1: 1.0, 3: 1.0, 5: 1.0, 10: 1.0}",0.2,1.0,0.145,"{'bm25': 0.145, 'total_ms': 0.145}"
q04,bm25,"['git-reset-revert', 'embeddings-similarity', 'git-branching', 'numpy-dtypes', 'docker-images-containers', 'sql-joins', 'git-remotes']",['git-reset-revert'],True,1.0,"{1: 1.0, 3: 1.0, 5: 1.0, 10: 1.0}","{1: 1.0, 3: 1.0, 5: 1.0, 10: 1.0}",0.2,1.0,0.158,"{'bm25': 0.158, 'total_ms': 0.158}"
q05,bm25,"['git-reset-revert', 'git-branching', 'sql-transactions', 'fastapi-async', 'git-remotes', 'pytest-mocking', 'docker-images-containers', 'git-tags', 'http-caching', 'numpy-dtypes']",['git-reset-revert'],True,1.0,"{1: 1.0, 3: 1.0, 5: 1.0, 10: 1.0}","{1: 1.0, 3: 1.0, 5: 1.0, 10: 1.0}",0.2,1.0,0.164,"{'bm25': 0.164, 'total_ms': 0.164}"
q06,bm25,"['git-stash', 'git-branching', 'embeddings-similarity', 'git-remotes', 'git-reset-revert']",['git-stash'],True,1.0,"{1: 1.0, 3: 1.0, 5: 1.0, 10: 1.0}","{1: 1.0, 3: 1.0, 5: 1.0, 10: 1.0}",0.2,1.0,0.166,"{'bm25': 0.166, 'total_ms': 0.166}"
q07,bm25,"['git-stash', 'fastapi-async', 'http-caching', 'dockerfile-best-practices', 'sql-transactions', 'python-venv', 'pandas-missing-data', 'git-branching']",['git-stash'],True,1.0,"{1: 1.0, 3: 1.0, 5: 1.0, 10: 1.0}","{1: 1.0, 3: 1.0, 5: 1.0, 10: 1.0}",0.2,1.0,0.09,"{'bm25': 0.09, 'total_ms': 0.09}"
q08,bm25,"['docker-images-containers', 'docker-volumes', 'docker-compose', 'numpy-dtypes', 'embeddings-similarity', 'sql-joins']",['docker-images-containers'],True,1.0,"{1: 1.0, 3: 1.0, 5: 1.0, 10: 1.0}","{1: 1.0, 3: 1.0, 5: 1.0, 10: 1.0}",0.2,1.0,0.155,"{'bm25': 0.155, 'total_ms': 0.155}"
q09,bm25,"['dockerfile-best-practices', 'numpy-views-copies', 'git-branching', 'rest-http-methods', 'python-venv', 'sql-transactions', 'git-remotes', 'sql-joins']",['dockerfile-best-practices'],True,1.0,"{1: 1.0, 3: 1.0, 5: 1.0, 10: 1.0}","{1: 1.0, 3: 1.0, 5: 1.0, 10: 1.0}",0.2,1.0,0.191,"{'bm25': 0.191, 'total_ms': 0.191}"
q10,bm25,"['docker-compose', 'python-venv', 'sql-transactions', 'docker-images-containers', 'embeddings-similarity', 'numpy-broadcasting']",['docker-compose'],True,1.0,"{1: 1.0, 3: 1.0, 5: 1.0, 10: 1.0}","{1: 1.0, 3: 1.0, 5: 1.0, 10: 1.0}",0.2,1.0,0.136,"{'bm25': 0.136, 'total_ms': 0.136}"
q11,bm25,"['fastapi-basics', 'bm25-explained', 'pytest-mocking', 'pandas-merge-join', 'fastapi-security', 'fastapi-async', 'docker-volumes', 'pip-vs-conda']",['fastapi-basics'],True,1.0,"{1: 1.0, 3: 1.0, 5: 1.0, 10: 1.0}","{1: 1.0, 3: 1.0, 5: 1.0, 10: 1.0}",0.2,1.0,0.116,"{'bm25': 0.116, 'total_ms': 0.116}"
q12,bm25,"['fastapi-basics', 'http-status-codes', 'fastapi-security', 'dockerfile-best-practices', 'fastapi-async', 'docker-volumes']",['fastapi-basics'],True,1.0,"{1: 1.0, 3: 1.0, 5: 1.0, 10: 1.0}","{1: 1.0, 3: 1.0, 5: 1.0, 10: 1.0}",0.2,1.0,0.138,"{'bm25': 0.138, 'total_ms': 0.138}"
q13,bm25,"['fastapi-async', 'fastapi-basics', 'sql-transactions', 'pip-vs-conda', 'fastapi-security', 'git-reset-revert']",['fastapi-async'],True,1.0,"{1: 1.0, 3: 1.0, 5: 1.0, 10: 1.0}","{1: 1.0, 3: 1.0, 5: 1.0, 10: 1.0}",0.2,1.0,0.152,"{'bm25': 0.152, 'total_ms': 0.152}"
q14,bm25,"['fastapi-async', 'pandas-merge-join', 'fastapi-basics', 'fastapi-security', 'numpy-dtypes', 'sql-joins', 'sql-transactions', 'python-venv']",['fastapi-async'],True,1.0,"{1: 1.0, 3: 1.0, 5: 1.0, 10: 1.0}","{1: 1.0, 3: 1.0, 5: 1.0, 10: 1.0}",0.2,1.0,0.092,"{'bm25': 0.092, 'total_ms': 0.092}"
q15,bm25,"['numpy-broadcasting', 'numpy-dtypes', 'sql-joins', 'numpy-views-copies', 'pip-vs-conda', 'fastapi-basics', 'fastapi-async']",['numpy-broadcasting'],True,1.0,"{1: 1.0, 3: 1.0, 5: 1.0, 10: 1.0}","{1: 1.0, 3: 1.0, 5: 1.0, 10: 1.0}",0.2,1.0,0.104,"{'bm25': 0.104, 'total_ms': 0.104}"
q16,bm25,"['numpy-views-copies', 'numpy-broadcasting', 'numpy-dtypes', 'git-branching', 'fastapi-security', 'rest-http-methods']",['numpy-views-copies'],True,1.0,"{1: 1.0, 3: 1.0, 5: 1.0, 10: 1.0}","{1: 1.0, 3: 1.0, 5: 1.0, 10: 1.0}",0.2,1.0,0.152,"{'bm25': 0.152, 'total_ms': 0.152}"
q17,bm25,"['pandas-merge-join', 'pandas-missing-data', 'git-branching', 'http-caching', 'sql-joins', 'pandas-groupby', 'pytest-fixtures', 'numpy-dtypes']",['pandas-merge-join'],True,1.0,"{1: 1.0, 3: 1.0, 5: 1.0, 10: 1.0}","{1: 1.0, 3: 1.0, 5: 1.0, 10: 1.0}",0.2,1.0,0.131,"{'bm25': 0.131, 'total_ms': 0.131}"
q18,bm25,"['pandas-missing-data', 'pandas-groupby', 'fastapi-async', 'pandas-merge-join', 'sql-joins']",['pandas-missing-data'],True,1.0,"{1: 1.0, 3: 1.0, 5: 1.0, 10: 1.0}","{1: 1.0, 3: 1.0, 5: 1.0, 10: 1.0}",0.2,1.0,0.166,"{'bm25': 0.166, 'total_ms': 0.166}"
q19,bm25,"['python-venv', 'pip-vs-conda', 'fastapi-async', 'sql-transactions', 'rest-http-methods', 'http-caching', 'git-remotes']",['python-venv'],True,1.0,"{1: 1.0, 3: 1.0, 5: 1.0, 10: 1.0}","{1: 1.0, 3: 1.0, 5: 1.0, 10: 1.0}",0.2,1.0,0.166,"{'bm25': 0.166, 'total_ms': 0.166}"
q20,bm25,"['pip-vs-conda', 'python-venv', 'fastapi-async', 'sql-transactions', 'vector-databases', 'sql-indexes', 'reranking-crossencoder', 'git-branching']",['pip-vs-conda'],True,1.0,"{1: 1.0, 3: 1.0, 5: 1.0, 10: 1.0}","{1: 1.0, 3: 1.0, 5: 1.0, 10: 1.0}",0.2,1.0,0.101,"{'bm25': 0.101, 'total_ms': 0.101}"
q21,bm25,"['pytest-fixtures', 'pytest-mocking', 'sql-joins', 'numpy-dtypes', 'fastapi-security', 'docker-volumes', 'git-reset-revert', 'pytest-assertions']",['pytest-fixtures'],True,1.0,"{1: 1.0, 3: 1.0, 5: 1.0, 10: 1.0}","{1: 1.0, 3: 1.0, 5: 1.0, 10: 1.0}",0.2,1.0,0.133,"{'bm25': 0.133, 'total_ms': 0.133}"
q22,bm25,"['pytest-assertions', 'pytest-mocking', 'fastapi-async', 'docker-volumes', 'pytest-fixtures', 'docker-images-containers', 'numpy-broadcasting']",['pytest-assertions'],True,1.0,"{1: 1.0, 3: 1.0, 5: 1.0, 10: 1.0}","{1: 1.0, 3: 1.0, 5: 1.0, 10: 1.0}",0.2,1.0,0.169,"{'bm25': 0.169, 'total_ms': 0.169}"
q23,bm25,"['rest-http-methods', 'pytest-assertions', 'fastapi-basics', 'http-caching', 'reranking-crossencoder', 'numpy-broadcasting', 'http-status-codes']",['rest-http-methods'],True,1.0,"{1: 1.0, 3: 1.0, 5: 1.0, 10: 1.0}","{1: 1.0, 3: 1.0, 5: 1.0, 10: 1.0}",0.2,1.0,0.084,"{'bm25': 0.084, 'total_ms': 0.084}"
q24,bm25,"['http-status-codes', 'pandas-groupby', 'dockerfile-best-practices', 'rest-http-methods', 'pandas-missing-data', 'numpy-dtypes', 'pandas-merge-join', 'sql-joins']","['http-status-codes', 'rest-http-methods']",True,1.0,"{1: 0.5, 3: 0.5, 5: 1.0, 10: 1.0}","{1: 1.0, 3: 0.6131471927654584, 5: 0.8772153153380493, 10: 0.8772153153380493}",0.4,1.0,0.103,"{'bm25': 0.103, 'total_ms': 0.103}"
q25,bm25,"['http-status-codes', 'embeddings-similarity', 'fastapi-security', 'numpy-dtypes', 'docker-images-containers', 'sql-joins', 'bm25-explained']",['http-status-codes'],True,1.0,"{1: 1.0, 3: 1.0, 5: 1.0, 10: 1.0}","{1: 1.0, 3: 1.0, 5: 1.0, 10: 1.0}",0.2,1.0,0.147,"{'bm25': 0.147, 'total_ms': 0.147}"
q26,bm25,"['sql-indexes', 'vector-databases', 'sql-joins', 'docker-compose', 'numpy-dtypes', 'pytest-fixtures']",['sql-indexes'],True,1.0,"{1: 1.0, 3: 1.0, 5: 1.0, 10: 1.0}","{1: 1.0, 3: 1.0, 5: 1.0, 10: 1.0}",0.2,1.0,0.147,"{'bm25': 0.147, 'total_ms': 0.147}"
q27,bm25,"['sql-joins', 'pandas-merge-join', 'fastapi-security', 'numpy-dtypes', 'http-status-codes', 'git-branching', 'rest-http-methods']",['sql-joins'],True,1.0,"{1: 1.0, 3: 1.0, 5: 1.0, 10: 1.0}","{1: 1.0, 3: 1.0, 5: 1.0, 10: 1.0}",0.2,1.0,0.094,"{'bm25': 0.094, 'total_ms': 0.094}"
q28,bm25,"['rag-overview', 'bm25-explained', 'vector-databases', 'rest-http-methods', 'embeddings-similarity', 'git-branching', 'numpy-views-copies']",['rag-overview'],True,1.0,"{1: 1.0, 3: 1.0, 5: 1.0, 10: 1.0}","{1: 1.0, 3: 1.0, 5: 1.0, 10: 1.0}",0.2,1.0,0.133,"{'bm25': 0.133, 'total_ms': 0.133}"
q29,bm25,"['embeddings-similarity', 'numpy-dtypes', 'sql-joins', 'sql-transactions', 'pandas-merge-join', 'rest-http-methods', 'git-branching', 'git-reset-revert']",['embeddings-similarity'],True,1.0,"{1: 1.0, 3: 1.0, 5: 1.0, 10: 1.0}","{1: 1.0, 3: 1.0, 5: 1.0, 10: 1.0}",0.2,1.0,0.145,"{'bm25': 0.145, 'total_ms': 0.145}"
q30,bm25,"['bm25-explained', 'embeddings-similarity', 'reranking-crossencoder', 'vector-databases', 'git-branching', 'pandas-merge-join', 'rag-overview']","['bm25-explained', 'reranking-crossencoder']",True,1.0,"{1: 0.5, 3: 1.0, 5: 1.0, 10: 1.0}","{1: 1.0, 3: 0.9197207891481876, 5: 0.9197207891481876, 10: 0.9197207891481876}",0.4,1.0,0.131,"{'bm25': 0.131, 'total_ms': 0.131}"
q31,bm25,"['reranking-crossencoder', 'rest-http-methods', 'bm25-explained', 'pip-vs-conda', 'vector-databases', 'docker-images-containers', 'embeddings-similarity', 'fastapi-security', 'http-status-codes']",['reranking-crossencoder'],True,1.0,"{1: 1.0, 3: 1.0, 5: 1.0, 10: 1.0}","{1: 1.0, 3: 1.0, 5: 1.0, 10: 1.0}",0.2,1.0,0.159,"{'bm25': 0.159, 'total_ms': 0.159}"
q32,bm25,"['reranking-crossencoder', 'dockerfile-best-practices', 'http-caching', 'pandas-groupby', 'pandas-merge-join', 'git-remotes', 'numpy-dtypes', 'pandas-missing-data', 'docker-images-containers', 'docker-volumes']",['reranking-crossencoder'],True,1.0,"{1: 1.0, 3: 1.0, 5: 1.0, 10: 1.0}","{1: 1.0, 3: 1.0, 5: 1.0, 10: 1.0}",0.2,1.0,0.114,"{'bm25': 0.114, 'total_ms': 0.114}"
q33,bm25,"['bm25-explained', 'numpy-dtypes', 'sql-joins', 'reranking-crossencoder', 'git-branching', 'pytest-mocking', 'rest-http-methods']",['bm25-explained'],True,1.0,"{1: 1.0, 3: 1.0, 5: 1.0, 10: 1.0}","{1: 1.0, 3: 1.0, 5: 1.0, 10: 1.0}",0.2,1.0,0.083,"{'bm25': 0.083, 'total_ms': 0.083}"
q34,bm25,"['numpy-views-copies', 'numpy-dtypes', 'numpy-broadcasting', 'sql-transactions', 'fastapi-async', 'docker-images-containers']",['numpy-views-copies'],True,1.0,"{1: 1.0, 3: 1.0, 5: 1.0, 10: 1.0}","{1: 1.0, 3: 1.0, 5: 1.0, 10: 1.0}",0.2,1.0,0.206,"{'bm25': 0.206, 'total_ms': 0.206}"
q35,bm25,"['git-stash', 'fastapi-async', 'rest-http-methods', 'git-remotes', 'http-caching', 'pytest-fixtures', 'git-reset-revert', 'pandas-missing-data', 'fastapi-security']",['git-stash'],True,1.0,"{1: 1.0, 3: 1.0, 5: 1.0, 10: 1.0}","{1: 1.0, 3: 1.0, 5: 1.0, 10: 1.0}",0.2,1.0,0.143,"{'bm25': 0.143, 'total_ms': 0.143}"
q36,bm25,"['git-remotes', 'git-branching', 'fastapi-async', 'http-caching', 'docker-volumes', 'git-reset-revert', 'python-venv']",['git-remotes'],True,1.0,"{1: 1.0, 3: 1.0, 5: 1.0, 10: 1.0}","{1: 1.0, 3: 1.0, 5: 1.0, 10: 1.0}",0.2,1.0,0.156,"{'bm25': 0.156, 'total_ms': 0.156}"
q37,bm25,"['docker-volumes', 'git-branching', 'pandas-merge-join', 'docker-images-containers', 'fastapi-async', 'sql-transactions', 'rest-http-methods']",['docker-volumes'],True,1.0,"{1: 1.0, 3: 1.0, 5: 1.0, 10: 1.0}","{1: 1.0, 3: 1.0, 5: 1.0, 10: 1.0}",0.2,1.0,0.167,"{'bm25': 0.167, 'total_ms': 0.167}"
q38,bm25,"['docker-volumes', 'docker-images-containers', 'git-branching', 'numpy-dtypes', 'git-remotes', 'embeddings-similarity', 'git-tags', 'docker-compose']",['docker-volumes'],True,1.0,"{1: 1.0, 3: 1.0, 5: 1.0, 10: 1.0}","{1: 1.0, 3: 1.0, 5: 1.0, 10: 1.0}",0.2,1.0,0.195,"{'bm25': 0.195, 'total_ms': 0.195}"
q39,bm25,"['rest-http-methods', 'http-caching', 'git-reset-revert', 'numpy-views-copies', 'docker-images-containers', 'git-branching', 'http-status-codes']",['http-caching'],True,0.5,"{1: 0.0, 3: 1.0, 5: 1.0, 10: 1.0}","{1: 0.0, 3: 0.6309297535714575, 5: 0.6309297535714575, 10: 0.6309297535714575}",0.2,1.0,0.193,"{'bm25': 0.193, 'total_ms': 0.193}"
q40,bm25,"['fastapi-security', 'fastapi-async', 'pytest-fixtures', 'sql-transactions', 'git-tags', 'git-remotes', 'fastapi-basics', 'docker-volumes', 'http-caching']",['fastapi-security'],True,1.0,"{1: 1.0, 3: 1.0, 5: 1.0, 10: 1.0}","{1: 1.0, 3: 1.0, 5: 1.0, 10: 1.0}",0.2,1.0,0.165,"{'bm25': 0.165, 'total_ms': 0.165}"
q41,bm25,"['pandas-groupby', 'fastapi-async', 'python-venv', 'sql-indexes', 'pandas-missing-data', 'sql-transactions', 'vector-databases', 'pytest-fixtures', 'embeddings-similarity']",['pandas-groupby'],True,1.0,"{1: 1.0, 3: 1.0, 5: 1.0, 10: 1.0}","{1: 1.0, 3: 1.0, 5: 1.0, 10: 1.0}",0.2,1.0,0.213,"{'bm25': 0.213, 'total_ms': 0.213}"
q42,bm25,"['numpy-dtypes', 'numpy-views-copies', 'numpy-broadcasting', 'fastapi-async', 'http-caching']",['numpy-dtypes'],True,1.0,"{1: 1.0, 3: 1.0, 5: 1.0, 10: 1.0}","{1: 1.0, 3: 1.0, 5: 1.0, 10: 1.0}",0.2,1.0,0.181,"{'bm25': 0.181, 'total_ms': 0.181}"
q43,bm25,"['pytest-mocking', 'python-venv', 'pytest-fixtures', 'fastapi-async', 'sql-transactions', 'reranking-crossencoder', 'docker-compose', 'pandas-groupby']",['pytest-mocking'],True,1.0,"{1: 1.0, 3: 1.0, 5: 1.0, 10: 1.0}","{1: 1.0, 3: 1.0, 5: 1.0, 10: 1.0}",0.2,1.0,0.205,"{'bm25': 0.205, 'total_ms': 0.205}"
q44,bm25,"['sql-transactions', 'sql-joins', 'numpy-views-copies', 'numpy-dtypes', 'numpy-broadcasting', 'pandas-missing-data', 'pandas-merge-join', 'fastapi-async']",['sql-transactions'],True,1.0,"{1: 1.0, 3: 1.0, 5: 1.0, 10: 1.0}","{1: 1.0, 3: 1.0, 5: 1.0, 10: 1.0}",0.2,1.0,0.204,"{'bm25': 0.204, 'total_ms': 0.204}"
q45,bm25,"['git-tags', 'git-branching', 'pytest-mocking', 'embeddings-similarity', 'docker-images-containers', 'numpy-dtypes', 'http-caching']",['git-tags'],True,1.0,"{1: 1.0, 3: 1.0, 5: 1.0, 10: 1.0}","{1: 1.0, 3: 1.0, 5: 1.0, 10: 1.0}",0.2,1.0,0.197,"{'bm25': 0.197, 'total_ms': 0.197}"
q46,bm25,"['git-remotes', 'git-tags', 'fastapi-async', 'http-caching', 'git-stash', 'python-venv', 'numpy-broadcasting']",['git-tags'],True,0.5,"{1: 0.0, 3: 1.0, 5: 1.0, 10: 1.0}","{1: 0.0, 3: 0.6309297535714575, 5: 0.6309297535714575, 10: 0.6309297535714575}",0.2,1.0,0.144,"{'bm25': 0.144, 'total_ms': 0.144}"
q47,bm25,"['fastapi-security', 'http-caching', 'numpy-views-copies', 'sql-indexes', 'sql-transactions', 'vector-databases', 'git-reset-revert', 'bm25-explained', 'docker-volumes', 'rest-http-methods']",['fastapi-security'],True,1.0,"{1: 1.0, 3: 1.0, 5: 1.0, 10: 1.0}","{1: 1.0, 3: 1.0, 5: 1.0, 10: 1.0}",0.2,1.0,0.167,"{'bm25': 0.167, 'total_ms': 0.167}"
q48,bm25,"['vector-databases', 'embeddings-similarity', 'sql-indexes', 'sql-transactions', 'git-remotes', 'pip-vs-conda']","['vector-databases', 'embeddings-similarity']",True,1.0,"{1: 0.5, 3: 1.0, 5: 1.0, 10: 1.0}","{1: 1.0, 3: 1.0, 5: 1.0, 10: 1.0}",0.4,1.0,0.176,"{'bm25': 0.176, 'total_ms': 0.176}"
q49,bm25,"['git-remotes', 'git-branching', 'git-stash', 'git-reset-revert', 'numpy-broadcasting', 'python-venv']",['git-remotes'],True,1.0,"{1: 1.0, 3: 1.0, 5: 1.0, 10: 1.0}","{1: 1.0, 3: 1.0, 5: 1.0, 10: 1.0}",0.2,1.0,0.182,"{'bm25': 0.182, 'total_ms': 0.182}"
q50,bm25,"['sql-transactions', 'sql-joins', 'numpy-dtypes', 'pandas-merge-join', 'git-branching', 'rest-http-methods', 'docker-volumes', 'git-reset-revert']",['sql-transactions'],True,1.0,"{1: 1.0, 3: 1.0, 5: 1.0, 10: 1.0}","{1: 1.0, 3: 1.0, 5: 1.0, 10: 1.0}",0.2,1.0,0.206,"{'bm25': 0.206, 'total_ms': 0.206}"
q01,dense,"['git-branching', 'git-remotes', 'git-tags', 'git-reset-revert', 'git-stash']",['git-branching'],True,1.0,"{1: 1.0, 3: 1.0, 5: 1.0, 10: 1.0}","{1: 1.0, 3: 1.0, 5: 1.0, 10: 1.0}",0.2,1.0,8.952,"{'dense': 8.952, 'total_ms': 8.952}"
q02,dense,"['git-branching', 'git-remotes', 'git-reset-revert', 'git-stash']",['git-branching'],True,1.0,"{1: 1.0, 3: 1.0, 5: 1.0, 10: 1.0}","{1: 1.0, 3: 1.0, 5: 1.0, 10: 1.0}",0.25,1.0,33.285,"{'dense': 33.285, 'total_ms': 33.285}"
q03,dense,"['git-branching', 'git-reset-revert', 'git-remotes', 'git-stash']",['git-branching'],True,1.0,"{1: 1.0, 3: 1.0, 5: 1.0, 10: 1.0}","{1: 1.0, 3: 1.0, 5: 1.0, 10: 1.0}",0.25,1.0,31.365,"{'dense': 31.365, 'total_ms': 31.365}"
q04,dense,"['git-reset-revert', 'git-branching', 'git-remotes', 'git-tags', 'git-stash']",['git-reset-revert'],True,1.0,"{1: 1.0, 3: 1.0, 5: 1.0, 10: 1.0}","{1: 1.0, 3: 1.0, 5: 1.0, 10: 1.0}",0.2,1.0,29.54,"{'dense': 29.54, 'total_ms': 29.54}"
q05,dense,"['git-reset-revert', 'git-branching', 'git-stash', 'sql-transactions', 'git-remotes']",['git-reset-revert'],True,1.0,"{1: 1.0, 3: 1.0, 5: 1.0, 10: 1.0}","{1: 1.0, 3: 1.0, 5: 1.0, 10: 1.0}",0.2,1.0,10.164,"{'dense': 10.164, 'total_ms': 10.164}"
q06,dense,"['git-stash', 'git-branching', 'git-tags', 'git-reset-revert', 'git-remotes']",['git-stash'],True,1.0,"{1: 1.0, 3: 1.0, 5: 1.0, 10: 1.0}","{1: 1.0, 3: 1.0, 5: 1.0, 10: 1.0}",0.2,1.0,26.834,"{'dense': 26.834, 'total_ms': 26.834}"
q07,dense,"['git-stash', 'git-reset-revert', 'docker-volumes', 'rag-overview', 'dockerfile-best-practices']",['git-stash'],True,1.0,"{1: 1.0, 3: 1.0, 5: 1.0, 10: 1.0}","{1: 1.0, 3: 1.0, 5: 1.0, 10: 1.0}",0.2,1.0,30.521,"{'dense': 30.521, 'total_ms': 30.521}"
q08,dense,"['docker-images-containers', 'docker-compose', 'docker-volumes', 'dockerfile-best-practices']",['docker-images-containers'],True,1.0,"{1: 1.0, 3: 1.0, 5: 1.0, 10: 1.0}","{1: 1.0, 3: 1.0, 5: 1.0, 10: 1.0}",0.25,1.0,10.046,"{'dense': 10.046, 'total_ms': 10.046}"
q09,dense,"['dockerfile-best-practices', 'docker-images-containers', 'python-venv', 'docker-volumes', 'docker-compose']",['dockerfile-best-practices'],True,1.0,"{1: 1.0, 3: 1.0, 5: 1.0, 10: 1.0}","{1: 1.0, 3: 1.0, 5: 1.0, 10: 1.0}",0.2,1.0,9.378,"{'dense': 9.378, 'total_ms': 9.378}"
q10,dense,"['docker-compose', 'docker-images-containers', 'docker-volumes', 'dockerfile-best-practices']",['docker-compose'],True,1.0,"{1: 1.0, 3: 1.0, 5: 1.0, 10: 1.0}","{1: 1.0, 3: 1.0, 5: 1.0, 10: 1.0}",0.25,1.0,9.901,"{'dense': 9.901, 'total_ms': 9.901}"
q11,dense,"['fastapi-basics', 'fastapi-security', 'fastapi-async', 'docker-volumes']",['fastapi-basics'],True,1.0,"{1: 1.0, 3: 1.0, 5: 1.0, 10: 1.0}","{1: 1.0, 3: 1.0, 5: 1.0, 10: 1.0}",0.25,1.0,9.785,"{'dense': 9.785, 'total_ms': 9.785}"
q12,dense,"['fastapi-basics', 'fastapi-security', 'http-status-codes', 'fastapi-async']",['fastapi-basics'],True,1.0,"{1: 1.0, 3: 1.0, 5: 1.0, 10: 1.0}","{1: 1.0, 3: 1.0, 5: 1.0, 10: 1.0}",0.25,1.0,10.421,"{'dense': 10.421, 'total_ms': 10.421}"
q13,dense,"['fastapi-async', 'fastapi-basics', 'fastapi-security', 'pytest-fixtures']",['fastapi-async'],True,1.0,"{1: 1.0, 3: 1.0, 5: 1.0, 10: 1.0}","{1: 1.0, 3: 1.0, 5: 1.0, 10: 1.0}",0.25,1.0,32.185,"{'dense': 32.185, 'total_ms': 32.185}"
q14,dense,"['fastapi-async', 'fastapi-security', 'fastapi-basics', 'rag-overview']",['fastapi-async'],True,1.0,"{1: 1.0, 3: 1.0, 5: 1.0, 10: 1.0}","{1: 1.0, 3: 1.0, 5: 1.0, 10: 1.0}",0.25,1.0,33.249,"{'dense': 33.249, 'total_ms': 33.249}"
q15,dense,"['numpy-broadcasting', 'numpy-dtypes', 'numpy-views-copies', 'python-venv']",['numpy-broadcasting'],True,1.0,"{1: 1.0, 3: 1.0, 5: 1.0, 10: 1.0}","{1: 1.0, 3: 1.0, 5: 1.0, 10: 1.0}",0.25,1.0,9.896,"{'dense': 9.896, 'total_ms': 9.896}"
q16,dense,"['numpy-views-copies', 'numpy-dtypes', 'numpy-broadcasting', 'reranking-crossencoder']",['numpy-views-copies'],True,1.0,"{1: 1.0, 3: 1.0, 5: 1.0, 10: 1.0}","{1: 1.0, 3: 1.0, 5: 1.0, 10: 1.0}",0.25,1.0,32.989,"{'dense': 32.989, 'total_ms': 32.989}"
q17,dense,"['pandas-merge-join', 'pandas-groupby', 'pandas-missing-data', 'git-branching']",['pandas-merge-join'],True,1.0,"{1: 1.0, 3: 1.0, 5: 1.0, 10: 1.0}","{1: 1.0, 3: 1.0, 5: 1.0, 10: 1.0}",0.25,1.0,9.567,"{'dense': 9.567, 'total_ms': 9.567}"
q18,dense,"['pandas-missing-data', 'pandas-groupby', 'pandas-merge-join', 'numpy-dtypes']",['pandas-missing-data'],True,1.0,"{1: 1.0, 3: 1.0, 5: 1.0, 10: 1.0}","{1: 1.0, 3: 1.0, 5: 1.0, 10: 1.0}",0.25,1.0,8.151,"{'dense': 8.151, 'total_ms': 8.151}"
q19,dense,"['python-venv', 'pip-vs-conda', 'pytest-mocking', 'pytest-assertions', 'docker-compose']",['python-venv'],True,1.0,"{1: 1.0, 3: 1.0, 5: 1.0, 10: 1.0}","{1: 1.0, 3: 1.0, 5: 1.0, 10: 1.0}",0.2,1.0,8.489,"{'dense': 8.489, 'total_ms': 8.489}"
q20,dense,"['pip-vs-conda', 'python-venv', 'pandas-merge-join', 'pytest-fixtures', 'pytest-mocking']",['pip-vs-conda'],True,1.0,"{1: 1.0, 3: 1.0, 5: 1.0, 10: 1.0}","{1: 1.0, 3: 1.0, 5: 1.0, 10: 1.0}",0.2,1.0,9.671,"{'dense': 9.671, 'total_ms': 9.671}"
q21,dense,"['pytest-fixtures', 'pytest-mocking', 'pytest-assertions', 'python-venv']",['pytest-fixtures'],True,1.0,"{1: 1.0, 3: 1.0, 5: 1.0, 10: 1.0}","{1: 1.0, 3: 1.0, 5: 1.0, 10: 1.0}",0.25,1.0,32.169,"{'dense': 32.169, 'total_ms': 32.169}"
q22,dense,"['pytest-assertions', 'pytest-mocking', 'pytest-fixtures', 'python-venv']",['pytest-assertions'],True,1.0,"{1: 1.0, 3: 1.0, 5: 1.0, 10: 1.0}","{1: 1.0, 3: 1.0, 5: 1.0, 10: 1.0}",0.25,1.0,9.047,"{'dense': 9.047, 'total_ms': 9.047}"
q23,dense,"['rest-http-methods', 'http-caching', 'http-status-codes', 'fastapi-basics']",['rest-http-methods'],True,1.0,"{1: 1.0, 3: 1.0, 5: 1.0, 10: 1.0}","{1: 1.0, 3: 1.0, 5: 1.0, 10: 1.0}",0.25,1.0,10.526,"{'dense': 10.526, 'total_ms': 10.526}"
q24,dense,"['http-status-codes', 'rest-http-methods', 'http-caching', 'fastapi-basics']","['http-status-codes', 'rest-http-methods']",True,1.0,"{1: 0.5, 3: 1.0, 5: 1.0, 10: 1.0}","{1: 1.0, 3: 1.0, 5: 1.0, 10: 1.0}",0.5,1.0,9.606,"{'dense': 9.606, 'total_ms': 9.606}"
q25,dense,"['http-status-codes', 'rest-http-methods', 'fastapi-security', 'http-caching']",['http-status-codes'],True,1.0,"{1: 1.0, 3: 1.0, 5: 1.0, 10: 1.0}","{1: 1.0, 3: 1.0, 5: 1.0, 10: 1.0}",0.25,1.0,10.203,"{'dense': 10.203, 'total_ms': 10.203}"
q26,dense,"['sql-indexes', 'vector-databases', 'reranking-crossencoder', 'bm25-explained', 'embeddings-similarity']",['sql-indexes'],True,1.0,"{1: 1.0, 3: 1.0, 5: 1.0, 10: 1.0}","{1: 1.0, 3: 1.0, 5: 1.0, 10: 1.0}",0.2,1.0,8.526,"{'dense': 8.526, 'total_ms': 8.526}"
q27,dense,"['sql-joins', 'pandas-merge-join', 'http-status-codes', 'sql-transactions', 'reranking-crossencoder', 'git-branching', 'http-caching']",['sql-joins'],True,1.0,"{1: 1.0, 3: 1.0, 5: 1.0, 10: 1.0}","{1: 1.0, 3: 1.0, 5: 1.0, 10: 1.0}",0.2,1.0,31.138,"{'dense': 31.138, 'total_ms': 31.138}"
q28,dense,"['rag-overview', 'embeddings-similarity', 'bm25-explained', 'reranking-crossencoder', 'rest-http-methods', 'vector-databases']",['rag-overview'],True,1.0,"{1: 1.0, 3: 1.0, 5: 1.0, 10: 1.0}","{1: 1.0, 3: 1.0, 5: 1.0, 10: 1.0}",0.2,1.0,9.512,"{'dense': 9.512, 'total_ms': 9.512}"
q29,dense,"['embeddings-similarity', 'vector-databases', 'pytest-assertions', 'numpy-broadcasting', 'rest-http-methods', 'sql-joins', 'bm25-explained', 'reranking-crossencoder']",['embeddings-similarity'],True,1.0,"{1: 1.0, 3: 1.0, 5: 1.0, 10: 1.0}","{1: 1.0, 3: 1.0, 5: 1.0, 10: 1.0}",0.2,1.0,10.115,"{'dense': 10.115, 'total_ms': 10.115}"
q30,dense,"['bm25-explained', 'rag-overview', 'reranking-crossencoder', 'embeddings-similarity', 'vector-databases']","['bm25-explained', 'reranking-crossencoder']",True,1.0,"{1: 0.5, 3: 1.0, 5: 1.0, 10: 1.0}","{1: 1.0, 3: 0.9197207891481876, 5: 0.9197207891481876, 10: 0.9197207891481876}",0.4,1.0,9.991,"{'dense': 9.991, 'total_ms': 9.991}"
q31,dense,"['reranking-crossencoder', 'embeddings-similarity', 'rag-overview', 'bm25-explained', 'vector-databases']",['reranking-crossencoder'],True,1.0,"{1: 1.0, 3: 1.0, 5: 1.0, 10: 1.0}","{1: 1.0, 3: 1.0, 5: 1.0, 10: 1.0}",0.2,1.0,9.782,"{'dense': 9.782, 'total_ms': 9.782}"
q32,dense,"['reranking-crossencoder', 'sql-indexes', 'sql-joins', 'bm25-explained', 'pandas-merge-join', 'vector-databases']",['reranking-crossencoder'],True,1.0,"{1: 1.0, 3: 1.0, 5: 1.0, 10: 1.0}","{1: 1.0, 3: 1.0, 5: 1.0, 10: 1.0}",0.2,1.0,9.697,"{'dense': 9.697, 'total_ms': 9.697}"
q33,dense,"['bm25-explained', 'rest-http-methods', 'http-caching', 'reranking-crossencoder', 'http-status-codes', 'rag-overview']",['bm25-explained'],True,1.0,"{1: 1.0, 3: 1.0, 5: 1.0, 10: 1.0}","{1: 1.0, 3: 1.0, 5: 1.0, 10: 1.0}",0.2,1.0,9.798,"{'dense': 9.798, 'total_ms': 9.798}"
q34,dense,"['numpy-views-copies', 'numpy-dtypes', 'numpy-broadcasting', 'pandas-missing-data']",['numpy-views-copies'],True,1.0,"{1: 1.0, 3: 1.0, 5: 1.0, 10: 1.0}","{1: 1.0, 3: 1.0, 5: 1.0, 10: 1.0}",0.25,1.0,30.18,"{'dense': 30.18, 'total_ms': 30.18}"
q35,dense,"['git-stash', 'git-reset-revert', 'dockerfile-best-practices', 'git-branching', 'git-remotes', 'fastapi-async']",['git-stash'],True,1.0,"{1: 1.0, 3: 1.0, 5: 1.0, 10: 1.0}","{1: 1.0, 3: 1.0, 5: 1.0, 10: 1.0}",0.2,1.0,8.799,"{'dense': 8.799, 'total_ms': 8.799}"
q36,dense,"['git-remotes', 'git-stash', 'git-reset-revert', 'git-branching', 'git-tags']",['git-remotes'],True,1.0,"{1: 1.0, 3: 1.0, 5: 1.0, 10: 1.0}","{1: 1.0, 3: 1.0, 5: 1.0, 10: 1.0}",0.2,1.0,10.029,"{'dense': 10.029, 'total_ms': 10.029}"
q37,dense,"['docker-volumes', 'git-stash', 'docker-images-containers', 'pandas-missing-data', 'docker-compose', 'sql-indexes']",['docker-volumes'],True,1.0,"{1: 1.0, 3: 1.0, 5: 1.0, 10: 1.0}","{1: 1.0, 3: 1.0, 5: 1.0, 10: 1.0}",0.2,1.0,10.033,"{'dense': 10.033, 'total_ms': 10.033}"
q38,dense,"['docker-volumes', 'docker-compose', 'docker-images-containers', 'dockerfile-best-practices']",['docker-volumes'],True,1.0,"{1: 1.0, 3: 1.0, 5: 1.0, 10: 1.0}","{1: 1.0, 3: 1.0, 5: 1.0, 10: 1.0}",0.25,1.0,9.33,"{'dense': 9.33, 'total_ms': 9.33}"
q39,dense,"['http-caching', 'rest-http-methods', 'http-status-codes', 'git-remotes', 'git-stash', 'docker-volumes']",['http-caching'],True,1.0,"{1: 1.0, 3: 1.0, 5: 1.0, 10: 1.0}","{1: 1.0, 3: 1.0, 5: 1.0, 10: 1.0}",0.2,1.0,8.767,"{'dense': 8.767, 'total_ms': 8.767}"
q40,dense,"['fastapi-security', 'fastapi-basics', 'fastapi-async', 'http-status-codes']",['fastapi-security'],True,1.0,"{1: 1.0, 3: 1.0, 5: 1.0, 10: 1.0}","{1: 1.0, 3: 1.0, 5: 1.0, 10: 1.0}",0.25,1.0,8.66,"{'dense': 8.66, 'total_ms': 8.66}"
q41,dense,"['pandas-groupby', 'pandas-missing-data', 'pandas-merge-join', 'numpy-dtypes']",['pandas-groupby'],True,1.0,"{1: 1.0, 3: 1.0, 5: 1.0, 10: 1.0}","{1: 1.0, 3: 1.0, 5: 1.0, 10: 1.0}",0.25,1.0,8.767,"{'dense': 8.767, 'total_ms': 8.767}"
q42,dense,"['numpy-dtypes', 'numpy-views-copies', 'numpy-broadcasting', 'pytest-assertions']",['numpy-dtypes'],True,1.0,"{1: 1.0, 3: 1.0, 5: 1.0, 10: 1.0}","{1: 1.0, 3: 1.0, 5: 1.0, 10: 1.0}",0.25,1.0,9.272,"{'dense': 9.272, 'total_ms': 9.272}"
q43,dense,"['pytest-mocking', 'pytest-fixtures', 'python-venv', 'docker-volumes', 'pytest-assertions']",['pytest-mocking'],True,1.0,"{1: 1.0, 3: 1.0, 5: 1.0, 10: 1.0}","{1: 1.0, 3: 1.0, 5: 1.0, 10: 1.0}",0.2,1.0,8.689,"{'dense': 8.689, 'total_ms': 8.689}"
q44,dense,"['sql-transactions', 'rest-http-methods', 'docker-volumes', 'pytest-assertions', 'numpy-views-copies', 'vector-databases', 'git-reset-revert']",['sql-transactions'],True,1.0,"{1: 1.0, 3: 1.0, 5: 1.0, 10: 1.0}","{1: 1.0, 3: 1.0, 5: 1.0, 10: 1.0}",0.2,1.0,9.316,"{'dense': 9.316, 'total_ms': 9.316}"
q45,dense,"['git-tags', 'git-branching', 'git-reset-revert', 'git-remotes', 'docker-images-containers']",['git-tags'],True,1.0,"{1: 1.0, 3: 1.0, 5: 1.0, 10: 1.0}","{1: 1.0, 3: 1.0, 5: 1.0, 10: 1.0}",0.2,1.0,8.763,"{'dense': 8.763, 'total_ms': 8.763}"
q46,dense,"['git-tags', 'git-remotes', 'git-branching', 'git-stash', 'docker-volumes']",['git-tags'],True,1.0,"{1: 1.0, 3: 1.0, 5: 1.0, 10: 1.0}","{1: 1.0, 3: 1.0, 5: 1.0, 10: 1.0}",0.2,1.0,9.756,"{'dense': 9.756, 'total_ms': 9.756}"
q47,dense,"['fastapi-security', 'bm25-explained', 'sql-indexes', 'embeddings-similarity', 'sql-transactions', 'vector-databases']",['fastapi-security'],True,1.0,"{1: 1.0, 3: 1.0, 5: 1.0, 10: 1.0}","{1: 1.0, 3: 1.0, 5: 1.0, 10: 1.0}",0.2,1.0,9.456,"{'dense': 9.456, 'total_ms': 9.456}"
q48,dense,"['vector-databases', 'embeddings-similarity', 'sql-indexes', 'reranking-crossencoder']","['vector-databases', 'embeddings-similarity']",True,1.0,"{1: 0.5, 3: 1.0, 5: 1.0, 10: 1.0}","{1: 1.0, 3: 1.0, 5: 1.0, 10: 1.0}",0.5,1.0,9.383,"{'dense': 9.383, 'total_ms': 9.383}"
q49,dense,"['git-remotes', 'git-branching', 'git-tags', 'git-reset-revert']",['git-remotes'],True,1.0,"{1: 1.0, 3: 1.0, 5: 1.0, 10: 1.0}","{1: 1.0, 3: 1.0, 5: 1.0, 10: 1.0}",0.25,1.0,8.602,"{'dense': 8.602, 'total_ms': 8.602}"
q50,dense,"['sql-transactions', 'http-status-codes', 'fastapi-security', 'http-caching', 'sql-indexes', 'fastapi-async']",['sql-transactions'],True,1.0,"{1: 1.0, 3: 1.0, 5: 1.0, 10: 1.0}","{1: 1.0, 3: 1.0, 5: 1.0, 10: 1.0}",0.2,1.0,8.322,"{'dense': 8.322, 'total_ms': 8.322}"
q01,hybrid,"['git-branching', 'git-remotes', 'git-tags', 'git-stash', 'python-venv', 'pytest-fixtures', 'git-reset-revert']",['git-branching'],True,1.0,"{1: 1.0, 3: 1.0, 5: 1.0, 10: 1.0}","{1: 1.0, 3: 1.0, 5: 1.0, 10: 1.0}",0.2,1.0,9.599,"{'bm25': 0.28, 'dense': 9.24, 'fusion': 0.08, 'total_ms': 9.599}"
q02,hybrid,"['git-branching', 'git-remotes', 'git-tags', 'git-reset-revert', 'git-stash']",['git-branching'],True,1.0,"{1: 1.0, 3: 1.0, 5: 1.0, 10: 1.0}","{1: 1.0, 3: 1.0, 5: 1.0, 10: 1.0}",0.2,1.0,9.875,"{'bm25': 0.15, 'dense': 9.643, 'fusion': 0.082, 'total_ms': 9.875}"
q03,hybrid,"['git-branching', 'git-remotes', 'git-reset-revert', 'git-tags', 'sql-indexes', 'git-stash']",['git-branching'],True,1.0,"{1: 1.0, 3: 1.0, 5: 1.0, 10: 1.0}","{1: 1.0, 3: 1.0, 5: 1.0, 10: 1.0}",0.2,1.0,10.278,"{'bm25': 0.203, 'dense': 9.99, 'fusion': 0.085, 'total_ms': 10.278}"
q04,hybrid,"['git-reset-revert', 'git-branching', 'git-remotes', 'git-stash']",['git-reset-revert'],True,1.0,"{1: 1.0, 3: 1.0, 5: 1.0, 10: 1.0}","{1: 1.0, 3: 1.0, 5: 1.0, 10: 1.0}",0.25,1.0,9.599,"{'bm25': 0.224, 'dense': 9.293, 'fusion': 0.082, 'total_ms': 9.599}"
q05,hybrid,"['git-reset-revert', 'git-branching', 'sql-transactions', 'git-remotes', 'pytest-mocking', 'git-tags', 'rest-http-methods', 'numpy-views-copies']",['git-reset-revert'],True,1.0,"{1: 1.0, 3: 1.0, 5: 1.0, 10: 1.0}","{1: 1.0, 3: 1.0, 5: 1.0, 10: 1.0}",0.2,1.0,10.472,"{'bm25': 0.226, 'dense': 10.145, 'fusion': 0.102, 'total_ms': 10.472}"
q06,hybrid,"['git-stash', 'git-branching', 'git-remotes', 'git-reset-revert', 'git-tags']",['git-stash'],True,1.0,"{1: 1.0, 3: 1.0, 5: 1.0, 10: 1.0}","{1: 1.0, 3: 1.0, 5: 1.0, 10: 1.0}",0.2,1.0,9.301,"{'bm25': 0.257, 'dense': 8.961, 'fusion': 0.083, 'total_ms': 9.301}"
q07,hybrid,"['git-stash', 'sql-transactions', 'git-branching', 'dockerfile-best-practices', 'docker-volumes', 'pandas-missing-data']",['git-stash'],True,1.0,"{1: 1.0, 3: 1.0, 5: 1.0, 10: 1.0}","{1: 1.0, 3: 1.0, 5: 1.0, 10: 1.0}",0.2,1.0,9.761,"{'bm25': 0.134, 'dense': 9.539, 'fusion': 0.088, 'total_ms': 9.761}"
q08,hybrid,"['docker-images-containers', 'docker-volumes', 'docker-compose', 'dockerfile-best-practices', 'sql-joins']",['docker-images-containers'],True,1.0,"{1: 1.0, 3: 1.0, 5: 1.0, 10: 1.0}","{1: 1.0, 3: 1.0, 5: 1.0, 10: 1.0}",0.2,1.0,11.233,"{'bm25': 0.226, 'dense': 10.916, 'fusion': 0.091, 'total_ms': 11.233}"
q09,hybrid,"['dockerfile-best-practices', 'python-venv', 'docker-images-containers', 'git-branching', 'fastapi-async', 'docker-volumes', 'git-remotes', 'numpy-views-copies', 'git-stash', 'pytest-assertions']",['dockerfile-best-practices'],True,1.0,"{1: 1.0, 3: 1.0, 5: 1.0, 10: 1.0}","{1: 1.0, 3: 1.0, 5: 1.0, 10: 1.0}",0.2,1.0,9.052,"{'bm25': 0.281, 'dense': 8.688, 'fusion': 0.083, 'total_ms': 9.052}"
q10,hybrid,"['docker-compose', 'docker-images-containers', 'docker-volumes', 'python-venv']",['docker-compose'],True,1.0,"{1: 1.0, 3: 1.0, 5: 1.0, 10: 1.0}","{1: 1.0, 3: 1.0, 5: 1.0, 10: 1.0}",0.25,1.0,10.03,"{'bm25': 0.186, 'dense': 9.751, 'fusion': 0.093, 'total_ms': 10.03}"
q11,hybrid,"['fastapi-basics', 'fastapi-security', 'fastapi-async', 'bm25-explained', 'docker-volumes']",['fastapi-basics'],True,1.0,"{1: 1.0, 3: 1.0, 5: 1.0, 10: 1.0}","{1: 1.0, 3: 1.0, 5: 1.0, 10: 1.0}",0.2,1.0,10.191,"{'bm25': 0.173, 'dense': 9.936, 'fusion': 0.083, 'total_ms': 10.191}"
q12,hybrid,"['fastapi-basics', 'http-status-codes', 'fastapi-security', 'fastapi-async']",['fastapi-basics'],True,1.0,"{1: 1.0, 3: 1.0, 5: 1.0, 10: 1.0}","{1: 1.0, 3: 1.0, 5: 1.0, 10: 1.0}",0.25,1.0,11.156,"{'bm25': 0.196, 'dense': 10.876, 'fusion': 0.083, 'total_ms': 11.156}"
q13,hybrid,"['fastapi-async', 'fastapi-basics', 'fastapi-security', 'dockerfile-best-practices']",['fastapi-async'],True,1.0,"{1: 1.0, 3: 1.0, 5: 1.0, 10: 1.0}","{1: 1.0, 3: 1.0, 5: 1.0, 10: 1.0}",0.25,1.0,9.192,"{'bm25': 0.217, 'dense': 8.894, 'fusion': 0.081, 'total_ms': 9.192}"
q14,hybrid,"['fastapi-async', 'fastapi-security', 'fastapi-basics', 'numpy-dtypes']",['fastapi-async'],True,1.0,"{1: 1.0, 3: 1.0, 5: 1.0, 10: 1.0}","{1: 1.0, 3: 1.0, 5: 1.0, 10: 1.0}",0.25,1.0,9.974,"{'bm25': 0.135, 'dense': 9.757, 'fusion': 0.082, 'total_ms': 9.974}"
q15,hybrid,"['numpy-broadcasting', 'numpy-dtypes', 'numpy-views-copies', 'pip-vs-conda']",['numpy-broadcasting'],True,1.0,"{1: 1.0, 3: 1.0, 5: 1.0, 10: 1.0}","{1: 1.0, 3: 1.0, 5: 1.0, 10: 1.0}",0.25,1.0,9.658,"{'bm25': 0.158, 'dense': 9.412, 'fusion': 0.088, 'total_ms': 9.658}"
q16,hybrid,"['numpy-views-copies', 'numpy-broadcasting', 'numpy-dtypes', 'reranking-crossencoder']",['numpy-views-copies'],True,1.0,"{1: 1.0, 3: 1.0, 5: 1.0, 10: 1.0}","{1: 1.0, 3: 1.0, 5: 1.0, 10: 1.0}",0.25,1.0,9.077,"{'bm25': 0.224, 'dense': 8.77, 'fusion': 0.084, 'total_ms': 9.077}"
q17,hybrid,"['pandas-merge-join', 'pandas-missing-data', 'pandas-groupby', 'git-branching', 'sql-joins']",['pandas-merge-join'],True,1.0,"{1: 1.0, 3: 1.0, 5: 1.0, 10: 1.0}","{1: 1.0, 3: 1.0, 5: 1.0, 10: 1.0}",0.2,1.0,10.64,"{'bm25': 0.193, 'dense': 10.356, 'fusion': 0.092, 'total_ms': 10.64}"
q18,hybrid,"['pandas-missing-data', 'pandas-groupby', 'pandas-merge-join', 'numpy-broadcasting']",['pandas-missing-data'],True,1.0,"{1: 1.0, 3: 1.0, 5: 1.0, 10: 1.0}","{1: 1.0, 3: 1.0, 5: 1.0, 10: 1.0}",0.25,1.0,8.723,"{'bm25': 0.253, 'dense': 8.385, 'fusion': 0.084, 'total_ms': 8.723}"
q19,hybrid,"['python-venv', 'pip-vs-conda', 'pytest-mocking', 'docker-compose', 'numpy-dtypes', 'fastapi-basics', 'pytest-assertions']",['python-venv'],True,1.0,"{1: 1.0, 3: 1.0, 5: 1.0, 10: 1.0}","{1: 1.0, 3: 1.0, 5: 1.0, 10: 1.0}",0.2,1.0,8.762,"{'bm25': 0.241, 'dense': 8.429, 'fusion': 0.092, 'total_ms': 8.762}"
q20,hybrid,"['pip-vs-conda', 'python-venv', 'fastapi-async', 'sql-indexes', 'numpy-views-copies', 'dockerfile-best-practices', 'pandas-merge-join', 'bm25-explained']",['pip-vs-conda'],True,1.0,"{1: 1.0, 3: 1.0, 5: 1.0, 10: 1.0}","{1: 1.0, 3: 1.0, 5: 1.0, 10: 1.0}",0.2,1.0,10.272,"{'bm25': 0.158, 'dense': 10.021, 'fusion': 0.094, 'total_ms': 10.272}"
q21,hybrid,"['pytest-fixtures', 'pytest-mocking', 'pytest-assertions', 'fastapi-security']",['pytest-fixtures'],True,1.0,"{1: 1.0, 3: 1.0, 5: 1.0, 10: 1.0}","{1: 1.0, 3: 1.0, 5: 1.0, 10: 1.0}",0.25,1.0,10.47,"{'bm25': 0.256, 'dense': 10.117, 'fusion': 0.098, 'total_ms': 10.47}"
q22,hybrid,"['pytest-assertions', 'pytest-mocking', 'pytest-fixtures', 'fastapi-async', 'numpy-broadcasting']",['pytest-assertions'],True,1.0,"{1: 1.0, 3: 1.0, 5: 1.0, 10: 1.0}","{1: 1.0, 3: 1.0, 5: 1.0, 10: 1.0}",0.2,1.0,9.752,"{'bm25': 0.259, 'dense': 9.405, 'fusion': 0.088, 'total_ms': 9.752}"
q23,hybrid,"['rest-http-methods', 'http-caching', 'fastapi-basics', 'http-status-codes']",['rest-http-methods'],True,1.0,"{1: 1.0, 3: 1.0, 5: 1.0, 10: 1.0}","{1: 1.0, 3: 1.0, 5: 1.0, 10: 1.0}",0.25,1.0,9.845,"{'bm25': 0.125, 'dense': 9.625, 'fusion': 0.094, 'total_ms': 9.845}"
q24,hybrid,"['http-status-codes', 'rest-http-methods', 'http-caching', 'bm25-explained']","['http-status-codes', 'rest-http-methods']",True,1.0,"{1: 0.5, 3: 1.0, 5: 1.0, 10: 1.0}","{1: 1.0, 3: 1.0, 5: 1.0, 10: 1.0}",0.5,1.0,10.309,"{'bm25': 0.162, 'dense': 10.054, 'fusion': 0.093, 'total_ms': 10.309}"
q25,hybrid,"['http-status-codes', 'fastapi-security', 'rest-http-methods', 'http-caching', 'numpy-dtypes', 'bm25-explained', 'git-remotes']",['http-status-codes'],True,1.0,"{1: 1.0, 3: 1.0, 5: 1.0, 10: 1.0}","{1: 1.0, 3: 1.0, 5: 1.0, 10: 1.0}",0.2,1.0,10.204,"{'bm25': 0.21, 'dense': 9.895, 'fusion': 0.099, 'total_ms': 10.204}"
q26,hybrid,"['sql-indexes', 'vector-databases', 'docker-compose', 'embeddings-similarity', 'sql-transactions', 'sql-joins']",['sql-indexes'],True,1.0,"{1: 1.0, 3: 1.0, 5: 1.0, 10: 1.0}","{1: 1.0, 3: 1.0, 5: 1.0, 10: 1.0}",0.2,1.0,9.202,"{'bm25': 0.216, 'dense': 8.9, 'fusion': 0.086, 'total_ms': 9.202}"
q27,hybrid,"['sql-joins', 'pandas-merge-join', 'http-status-codes', 'fastapi-security', 'sql-indexes', 'git-branching', 'rest-http-methods']",['sql-joins'],True,1.0,"{1: 1.0, 3: 1.0, 5: 1.0, 10: 1.0}","{1: 1.0, 3: 1.0, 5: 1.0, 10: 1.0}",0.2,1.0,10.551,"{'bm25': 0.138, 'dense': 10.32, 'fusion': 0.093, 'total_ms': 10.551}"
q28,hybrid,"['rag-overview', 'bm25-explained', 'embeddings-similarity', 'rest-http-methods', 'vector-databases', 'http-status-codes']",['rag-overview'],True,1.0,"{1: 1.0, 3: 1.0, 5: 1.0, 10: 1.0}","{1: 1.0, 3: 1.0, 5: 1.0, 10: 1.0}",0.2,1.0,10.32,"{'bm25': 0.202, 'dense': 10.02, 'fusion': 0.098, 'total_ms': 10.32}"
q29,hybrid,"['embeddings-similarity', 'sql-joins', 'numpy-dtypes', 'http-status-codes', 'reranking-crossencoder', 'rest-http-methods', 'fastapi-security']",['embeddings-similarity'],True,1.0,"{1: 1.0, 3: 1.0, 5: 1.0, 10: 1.0}","{1: 1.0, 3: 1.0, 5: 1.0, 10: 1.0}",0.2,1.0,10.855,"{'bm25': 0.269, 'dense': 10.502, 'fusion': 0.084, 'total_ms': 10.855}"
q30,hybrid,"['bm25-explained', 'reranking-crossencoder', 'embeddings-similarity', 'rag-overview', 'vector-databases']","['bm25-explained', 'reranking-crossencoder']",True,1.0,"{1: 0.5, 3: 1.0, 5: 1.0, 10: 1.0}","{1: 1.0, 3: 1.0, 5: 1.0, 10: 1.0}",0.4,1.0,10.143,"{'bm25': 0.18, 'dense': 9.875, 'fusion': 0.089, 'total_ms': 10.143}"
q31,hybrid,"['reranking-crossencoder', 'embeddings-similarity', 'vector-databases', 'bm25-explained', 'fastapi-security', 'rag-overview', 'numpy-views-copies', 'sql-joins']",['reranking-crossencoder'],True,1.0,"{1: 1.0, 3: 1.0, 5: 1.0, 10: 1.0}","{1: 1.0, 3: 1.0, 5: 1.0, 10: 1.0}",0.2,1.0,9.334,"{'bm25': 0.226, 'dense': 9.02, 'fusion': 0.088, 'total_ms': 9.334}"
q32,hybrid,"['reranking-crossencoder', 'pandas-merge-join', 'pandas-groupby', 'bm25-explained', 'docker-compose', 'dockerfile-best-practices']",['reranking-crossencoder'],True,1.0,"{1: 1.0, 3: 1.0, 5: 1.0, 10: 1.0}","{1: 1.0, 3: 1.0, 5: 1.0, 10: 1.0}",0.2,1.0,9.99,"{'bm25': 0.164, 'dense': 9.743, 'fusion': 0.082, 'total_ms': 9.99}"
q33,hybrid,"['bm25-explained', 'reranking-crossencoder', 'http-status-codes', 'numpy-dtypes', 'rag-overview']",['bm25-explained'],True,1.0,"{1: 1.0, 3: 1.0, 5: 1.0, 10: 1.0}","{1: 1.0, 3: 1.0, 5: 1.0, 10: 1.0}",0.2,1.0,10.571,"{'bm25': 0.122, 'dense': 10.361, 'fusion': 0.088, 'total_ms': 10.571}"
q34,hybrid,"['numpy-views-copies', 'numpy-dtypes', 'numpy-broadcasting', 'python-venv']",['numpy-views-copies'],True,1.0,"{1: 1.0, 3: 1.0, 5: 1.0, 10: 1.0}","{1: 1.0, 3: 1.0, 5: 1.0, 10: 1.0}",0.25,1.0,9.284,"{'bm25': 0.284, 'dense': 8.919, 'fusion': 0.081, 'total_ms': 9.284}"
q35,hybrid,"['git-stash', 'git-remotes', 'git-reset-revert', 'fastapi-async', 'sql-transactions', 'rest-http-methods']",['git-stash'],True,1.0,"{1: 1.0, 3: 1.0, 5: 1.0, 10: 1.0}","{1: 1.0, 3: 1.0, 5: 1.0, 10: 1.0}",0.2,1.0,9.213,"{'bm25': 0.197, 'dense': 8.926, 'fusion': 0.09, 'total_ms': 9.213}"
q36,hybrid,"['git-remotes', 'git-branching', 'git-reset-revert', 'docker-volumes', 'python-venv', 'sql-transactions']",['git-remotes'],True,1.0,"{1: 1.0, 3: 1.0, 5: 1.0, 10: 1.0}","{1: 1.0, 3: 1.0, 5: 1.0, 10: 1.0}",0.2,1.0,10.488,"{'bm25': 0.224, 'dense': 10.177, 'fusion': 0.087, 'total_ms': 10.488}"
q37,hybrid,"['docker-volumes', 'docker-images-containers', 'git-stash', 'sql-transactions', 'rest-http-methods', 'pandas-missing-data']",['docker-volumes'],True,1.0,"{1: 1.0, 3: 1.0, 5: 1.0, 10: 1.0}","{1: 1.0, 3: 1.0, 5: 1.0, 10: 1.0}",0.2,1.0,11.31,"{'bm25': 0.236, 'dense': 10.993, 'fusion': 0.082, 'total_ms': 11.31}"
q38,hybrid,"['docker-volumes', 'docker-images-containers', 'docker-compose', 'git-remotes', 'numpy-dtypes']",['docker-volumes'],True,1.0,"{1: 1.0, 3: 1.0, 5: 1.0, 10: 1.0}","{1: 1.0, 3: 1.0, 5: 1.0, 10: 1.0}",0.2,1.0,9.246,"{'bm25': 0.262, 'dense': 8.899, 'fusion': 0.085, 'total_ms': 9.246}"
q39,hybrid,"['http-caching', 'rest-http-methods', 'git-reset-revert', 'http-status-codes', 'numpy-views-copies', 'docker-volumes']",['http-caching'],True,1.0,"{1: 1.0, 3: 1.0, 5: 1.0, 10: 1.0}","{1: 1.0, 3: 1.0, 5: 1.0, 10: 1.0}",0.2,1.0,9.21,"{'bm25': 0.26, 'dense': 8.868, 'fusion': 0.082, 'total_ms': 9.21}"
q40,hybrid,"['fastapi-security', 'fastapi-async', 'fastapi-basics', 'pytest-fixtures', 'http-caching', 'docker-volumes']",['fastapi-security'],True,1.0,"{1: 1.0, 3: 1.0, 5: 1.0, 10: 1.0}","{1: 1.0, 3: 1.0, 5: 1.0, 10: 1.0}",0.2,1.0,8.991,"{'bm25': 0.228, 'dense': 8.674, 'fusion': 0.088, 'total_ms': 8.991}"
q41,hybrid,"['pandas-groupby', 'pandas-missing-data', 'python-venv', 'docker-compose', 'pytest-fixtures', 'http-status-codes', 'sql-indexes']",['pandas-groupby'],True,1.0,"{1: 1.0, 3: 1.0, 5: 1.0, 10: 1.0}","{1: 1.0, 3: 1.0, 5: 1.0, 10: 1.0}",0.2,1.0,9.76,"{'bm25': 0.297, 'dense': 9.377, 'fusion': 0.086, 'total_ms': 9.76}"
q42,hybrid,"['numpy-dtypes', 'numpy-broadcasting', 'numpy-views-copies', 'pytest-mocking']",['numpy-dtypes'],True,1.0,"{1: 1.0, 3: 1.0, 5: 1.0, 10: 1.0}","{1: 1.0, 3: 1.0, 5: 1.0, 10: 1.0}",0.25,1.0,9.191,"{'bm25': 0.251, 'dense': 8.857, 'fusion': 0.083, 'total_ms': 9.191}"
q43,hybrid,"['pytest-mocking', 'pytest-fixtures', 'python-venv', 'fastapi-async', 'http-caching', 'sql-transactions']",['pytest-mocking'],True,1.0,"{1: 1.0, 3: 1.0, 5: 1.0, 10: 1.0}","{1: 1.0, 3: 1.0, 5: 1.0, 10: 1.0}",0.2,1.0,9.189,"{'bm25': 0.278, 'dense': 8.817, 'fusion': 0.093, 'total_ms': 9.189}"
q44,hybrid,"['sql-transactions', 'numpy-views-copies', 'pandas-missing-data', 'numpy-dtypes', 'sql-joins', 'rest-http-methods', 'git-reset-revert', 'pytest-assertions']",['sql-transactions'],True,1.0,"{1: 1.0, 3: 1.0, 5: 1.0, 10: 1.0}","{1: 1.0, 3: 1.0, 5: 1.0, 10: 1.0}",0.2,1.0,9.488,"{'bm25': 0.302, 'dense': 9.1, 'fusion': 0.086, 'total_ms': 9.488}"
q45,hybrid,"['git-tags', 'git-branching', 'docker-images-containers', 'git-remotes', 'http-caching', 'git-reset-revert']",['git-tags'],True,1.0,"{1: 1.0, 3: 1.0, 5: 1.0, 10: 1.0}","{1: 1.0, 3: 1.0, 5: 1.0, 10: 1.0}",0.2,1.0,10.012,"{'bm25': 0.274, 'dense': 9.652, 'fusion': 0.086, 'total_ms': 10.012}"
q46,hybrid,"['git-remotes', 'git-tags', 'git-stash', 'http-caching', 'docker-compose']",['git-tags'],True,0.5,"{1: 0.0, 3: 1.0, 5: 1.0, 10: 1.0}","{1: 0.0, 3: 0.6309297535714575, 5: 0.6309297535714575, 10: 0.6309297535714575}",0.2,1.0,10.295,"{'bm25': 0.207, 'dense': 10.001, 'fusion': 0.087, 'total_ms': 10.295}"
q47,hybrid,"['fastapi-security', 'sql-indexes', 'bm25-explained', 'http-caching', 'numpy-views-copies', 'vector-databases', 'embeddings-similarity', 'sql-transactions']",['fastapi-security'],True,1.0,"{1: 1.0, 3: 1.0, 5: 1.0, 10: 1.0}","{1: 1.0, 3: 1.0, 5: 1.0, 10: 1.0}",0.2,1.0,9.167,"{'bm25': 0.236, 'dense': 8.843, 'fusion': 0.087, 'total_ms': 9.167}"
q48,hybrid,"['vector-databases', 'embeddings-similarity', 'sql-indexes', 'numpy-broadcasting']","['vector-databases', 'embeddings-similarity']",True,1.0,"{1: 0.5, 3: 1.0, 5: 1.0, 10: 1.0}","{1: 1.0, 3: 1.0, 5: 1.0, 10: 1.0}",0.5,1.0,9.677,"{'bm25': 0.25, 'dense': 9.342, 'fusion': 0.085, 'total_ms': 9.677}"
q49,hybrid,"['git-remotes', 'git-branching', 'git-tags', 'git-stash', 'git-reset-revert']",['git-remotes'],True,1.0,"{1: 1.0, 3: 1.0, 5: 1.0, 10: 1.0}","{1: 1.0, 3: 1.0, 5: 1.0, 10: 1.0}",0.2,1.0,9.058,"{'bm25': 0.25, 'dense': 8.713, 'fusion': 0.096, 'total_ms': 9.058}"
q50,hybrid,"['sql-transactions', 'http-status-codes', 'git-branching', 'http-caching', 'rest-http-methods', 'git-reset-revert', 'fastapi-security']",['sql-transactions'],True,1.0,"{1: 1.0, 3: 1.0, 5: 1.0, 10: 1.0}","{1: 1.0, 3: 1.0, 5: 1.0, 10: 1.0}",0.2,1.0,8.902,"{'bm25': 0.261, 'dense': 8.551, 'fusion': 0.09, 'total_ms': 8.902}"
q01,hybrid_rerank,"['git-branching', 'git-remotes', 'git-tags', 'python-venv', 'git-reset-revert']",['git-branching'],True,1.0,"{1: 1.0, 3: 1.0, 5: 1.0, 10: 1.0}","{1: 1.0, 3: 1.0, 5: 1.0, 10: 1.0}",0.2,1.0,108.225,"{'bm25': 0.466, 'dense': 10.657, 'fusion': 0.13, 'rerank': 96.972, 'total_ms': 108.225}"
q02,hybrid_rerank,"['git-branching', 'git-remotes', 'pandas-merge-join', 'git-reset-revert', 'git-stash', 'git-tags']",['git-branching'],True,1.0,"{1: 1.0, 3: 1.0, 5: 1.0, 10: 1.0}","{1: 1.0, 3: 1.0, 5: 1.0, 10: 1.0}",0.2,1.0,126.409,"{'bm25': 0.267, 'dense': 10.872, 'fusion': 0.133, 'rerank': 115.138, 'total_ms': 126.409}"
q03,hybrid_rerank,"['git-branching', 'git-remotes', 'git-reset-revert', 'sql-transactions', 'git-tags']",['git-branching'],True,1.0,"{1: 1.0, 3: 1.0, 5: 1.0, 10: 1.0}","{1: 1.0, 3: 1.0, 5: 1.0, 10: 1.0}",0.2,1.0,124.453,"{'bm25': 0.266, 'dense': 8.424, 'fusion': 0.105, 'rerank': 115.658, 'total_ms': 124.453}"
q04,hybrid_rerank,"['git-reset-revert', 'git-tags', 'git-stash', 'git-branching', 'git-remotes']",['git-reset-revert'],True,1.0,"{1: 1.0, 3: 1.0, 5: 1.0, 10: 1.0}","{1: 1.0, 3: 1.0, 5: 1.0, 10: 1.0}",0.2,1.0,134.358,"{'bm25': 0.319, 'dense': 9.498, 'fusion': 0.107, 'rerank': 124.435, 'total_ms': 134.358}"
q05,hybrid_rerank,"['git-reset-revert', 'git-branching', 'git-remotes', 'pytest-mocking', 'sql-transactions', 'git-tags', 'git-stash']",['git-reset-revert'],True,1.0,"{1: 1.0, 3: 1.0, 5: 1.0, 10: 1.0}","{1: 1.0, 3: 1.0, 5: 1.0, 10: 1.0}",0.2,1.0,105.515,"{'bm25': 0.339, 'dense': 9.996, 'fusion': 0.11, 'rerank': 95.069, 'total_ms': 105.515}"
q06,hybrid_rerank,"['git-stash', 'git-tags', 'git-remotes', 'git-reset-revert', 'git-branching']",['git-stash'],True,1.0,"{1: 1.0, 3: 1.0, 5: 1.0, 10: 1.0}","{1: 1.0, 3: 1.0, 5: 1.0, 10: 1.0}",0.2,1.0,138.497,"{'bm25': 0.415, 'dense': 10.882, 'fusion': 0.126, 'rerank': 127.074, 'total_ms': 138.497}"
q07,hybrid_rerank,"['git-stash', 'git-reset-revert', 'dockerfile-best-practices', 'pandas-missing-data', 'rag-overview', 'docker-volumes']",['git-stash'],True,1.0,"{1: 1.0, 3: 1.0, 5: 1.0, 10: 1.0}","{1: 1.0, 3: 1.0, 5: 1.0, 10: 1.0}",0.2,1.0,126.586,"{'bm25': 0.221, 'dense': 9.354, 'fusion': 0.119, 'rerank': 116.891, 'total_ms': 126.586}"
q08,hybrid_rerank,"['docker-images-containers', 'docker-compose', 'docker-volumes', 'dockerfile-best-practices']",['docker-images-containers'],True,1.0,"{1: 1.0, 3: 1.0, 5: 1.0, 10: 1.0}","{1: 1.0, 3: 1.0, 5: 1.0, 10: 1.0}",0.25,1.0,107.68,"{'bm25': 0.313, 'dense': 8.916, 'fusion': 0.115, 'rerank': 98.335, 'total_ms': 107.68}"
q09,hybrid_rerank,"['dockerfile-best-practices', 'docker-images-containers', 'python-venv', 'docker-compose', 'docker-volumes', 'git-remotes']",['dockerfile-best-practices'],True,1.0,"{1: 1.0, 3: 1.0, 5: 1.0, 10: 1.0}","{1: 1.0, 3: 1.0, 5: 1.0, 10: 1.0}",0.2,1.0,114.85,"{'bm25': 0.342, 'dense': 8.451, 'fusion': 0.109, 'rerank': 105.948, 'total_ms': 114.85}"
q10,hybrid_rerank,"['docker-compose', 'docker-images-containers', 'docker-volumes', 'dockerfile-best-practices', 'sql-transactions']",['docker-compose'],True,1.0,"{1: 1.0, 3: 1.0, 5: 1.0, 10: 1.0}","{1: 1.0, 3: 1.0, 5: 1.0, 10: 1.0}",0.2,1.0,100.456,"{'bm25': 0.273, 'dense': 9.452, 'fusion': 0.106, 'rerank': 90.624, 'total_ms': 100.456}"
q11,hybrid_rerank,"['fastapi-basics', 'fastapi-security', 'fastapi-async', 'bm25-explained', 'rag-overview', 'docker-compose', 'git-remotes']",['fastapi-basics'],True,1.0,"{1: 1.0, 3: 1.0, 5: 1.0, 10: 1.0}","{1: 1.0, 3: 1.0, 5: 1.0, 10: 1.0}",0.2,1.0,103.132,"{'bm25': 0.204, 'dense': 7.966, 'fusion': 0.095, 'rerank': 94.866, 'total_ms': 103.132}"
q12,hybrid_rerank,"['fastapi-basics', 'fastapi-security', 'fastapi-async', 'rest-http-methods', 'http-status-codes']",['fastapi-basics'],True,1.0,"{1: 1.0, 3: 1.0, 5: 1.0, 10: 1.0}","{1: 1.0, 3: 1.0, 5: 1.0, 10: 1.0}",0.2,1.0,101.48,"{'bm25': 0.257, 'dense': 8.172, 'fusion': 0.105, 'rerank': 92.946, 'total_ms': 101.48}"
q13,hybrid_rerank,"['fastapi-async', 'fastapi-basics', 'fastapi-security', 'pip-vs-conda', 'pytest-assertions']",['fastapi-async'],True,1.0,"{1: 1.0, 3: 1.0, 5: 1.0, 10: 1.0}","{1: 1.0, 3: 1.0, 5: 1.0, 10: 1.0}",0.2,1.0,84.555,"{'bm25': 0.256, 'dense': 9.054, 'fusion': 0.1, 'rerank': 75.144, 'total_ms': 84.555}"
q14,hybrid_rerank,"['fastapi-async', 'fastapi-security', 'fastapi-basics', 'git-branching', 'numpy-dtypes', 'python-venv', 'git-remotes']",['fastapi-async'],True,1.0,"{1: 1.0, 3: 1.0, 5: 1.0, 10: 1.0}","{1: 1.0, 3: 1.0, 5: 1.0, 10: 1.0}",0.2,1.0,106.531,"{'bm25': 0.183, 'dense': 8.313, 'fusion': 0.105, 'rerank': 97.931, 'total_ms': 106.531}"
q15,hybrid_rerank,"['numpy-broadcasting', 'numpy-dtypes', 'numpy-views-copies', 'pip-vs-conda', 'fastapi-basics', 'bm25-explained', 'fastapi-async', 'pytest-mocking']",['numpy-broadcasting'],True,1.0,"{1: 1.0, 3: 1.0, 5: 1.0, 10: 1.0}","{1: 1.0, 3: 1.0, 5: 1.0, 10: 1.0}",0.2,1.0,78.06,"{'bm25': 0.208, 'dense': 8.263, 'fusion': 0.093, 'rerank': 69.495, 'total_ms': 78.06}"
q16,hybrid_rerank,"['numpy-views-copies', 'numpy-dtypes', 'numpy-broadcasting', 'git-branching', 'sql-joins', 'pandas-groupby']",['numpy-views-copies'],True,1.0,"{1: 1.0, 3: 1.0, 5: 1.0, 10: 1.0}","{1: 1.0, 3: 1.0, 5: 1.0, 10: 1.0}",0.2,1.0,107.3,"{'bm25': 0.277, 'dense': 8.781, 'fusion': 0.104, 'rerank': 98.138, 'total_ms': 107.3}"
q17,hybrid_rerank,"['pandas-merge-join', 'pandas-groupby', 'git-branching', 'pytest-fixtures', 'git-remotes', 'reranking-crossencoder', 'http-caching']",['pandas-merge-join'],True,1.0,"{1: 1.0, 3: 1.0, 5: 1.0, 10: 1.0}","{1: 1.0, 3: 1.0, 5: 1.0, 10: 1.0}",0.2,1.0,86.217,"{'bm25': 0.252, 'dense': 8.114, 'fusion': 0.099, 'rerank': 77.752, 'total_ms': 86.217}"
q18,hybrid_rerank,"['pandas-missing-data', 'pandas-groupby', 'pandas-merge-join', 'sql-joins', 'sql-indexes']",['pandas-missing-data'],True,1.0,"{1: 1.0, 3: 1.0, 5: 1.0, 10: 1.0}","{1: 1.0, 3: 1.0, 5: 1.0, 10: 1.0}",0.2,1.0,110.372,"{'bm25': 0.305, 'dense': 8.609, 'fusion': 0.098, 'rerank': 101.36, 'total_ms': 110.372}"
q19,hybrid_rerank,"['python-venv', 'pip-vs-conda', 'fastapi-basics', 'git-branching', 'docker-volumes', 'numpy-dtypes']",['python-venv'],True,1.0,"{1: 1.0, 3: 1.0, 5: 1.0, 10: 1.0}","{1: 1.0, 3: 1.0, 5: 1.0, 10: 1.0}",0.2,1.0,109.418,"{'bm25': 0.299, 'dense': 8.444, 'fusion': 0.095, 'rerank': 100.581, 'total_ms': 109.418}"
q20,hybrid_rerank,"['pip-vs-conda', 'python-venv', 'sql-indexes', 'git-reset-revert', 'pandas-merge-join', 'sql-transactions', 'fastapi-security', 'git-branching']",['pip-vs-conda'],True,1.0,"{1: 1.0, 3: 1.0, 5: 1.0, 10: 1.0}","{1: 1.0, 3: 1.0, 5: 1.0, 10: 1.0}",0.2,1.0,106.628,"{'bm25': 0.199, 'dense': 8.601, 'fusion': 0.11, 'rerank': 97.718, 'total_ms': 106.628}"
q21,hybrid_rerank,"['pytest-fixtures', 'pytest-assertions', 'pytest-mocking', 'fastapi-security', 'fastapi-basics', 'pip-vs-conda']",['pytest-fixtures'],True,1.0,"{1: 1.0, 3: 1.0, 5: 1.0, 10: 1.0}","{1: 1.0, 3: 1.0, 5: 1.0, 10: 1.0}",0.2,1.0,107.308,"{'bm25': 0.246, 'dense': 8.246, 'fusion': 0.095, 'rerank': 98.721, 'total_ms': 107.308}"
q22,hybrid_rerank,"['pytest-assertions', 'pytest-fixtures', 'numpy-dtypes', 'numpy-broadcasting', 'pytest-mocking', 'fastapi-security', 'fastapi-basics']",['pytest-assertions'],True,1.0,"{1: 1.0, 3: 1.0, 5: 1.0, 10: 1.0}","{1: 1.0, 3: 1.0, 5: 1.0, 10: 1.0}",0.2,1.0,85.886,"{'bm25': 0.333, 'dense': 9.429, 'fusion': 0.109, 'rerank': 76.014, 'total_ms': 85.886}"
q23,hybrid_rerank,"['rest-http-methods', 'http-caching', 'vector-databases', 'fastapi-async', 'git-remotes', 'fastapi-basics', 'reranking-crossencoder', 'http-status-codes', 'rag-overview']",['rest-http-methods'],True,1.0,"{1: 1.0, 3: 1.0, 5: 1.0, 10: 1.0}","{1: 1.0, 3: 1.0, 5: 1.0, 10: 1.0}",0.2,1.0,84.565,"{'bm25': 0.187, 'dense': 9.048, 'fusion': 0.121, 'rerank': 75.209, 'total_ms': 84.565}"
q24,hybrid_rerank,"['http-status-codes', 'http-caching', 'git-remotes', 'rest-http-methods', 'bm25-explained', 'fastapi-security', 'docker-volumes']","['http-status-codes', 'rest-http-methods']",True,1.0,"{1: 0.5, 3: 0.5, 5: 1.0, 10: 1.0}","{1: 1.0, 3: 0.6131471927654584, 5: 0.8772153153380493, 10: 0.8772153153380493}",0.4,1.0,87.892,"{'bm25': 0.251, 'dense': 9.765, 'fusion': 0.113, 'rerank': 77.763, 'total_ms': 87.892}"
q25,hybrid_rerank,"['http-status-codes', 'fastapi-security', 'rest-http-methods', 'http-caching', 'git-tags', 'git-remotes', 'fastapi-basics']",['http-status-codes'],True,1.0,"{1: 1.0, 3: 1.0, 5: 1.0, 10: 1.0}","{1: 1.0, 3: 1.0, 5: 1.0, 10: 1.0}",0.2,1.0,112.103,"{'bm25': 0.369, 'dense': 10.37, 'fusion': 0.131, 'rerank': 101.232, 'total_ms': 112.103}"
q26,hybrid_rerank,"['sql-indexes', 'vector-databases', 'sql-joins', 'pandas-merge-join', 'embeddings-similarity', 'reranking-crossencoder']",['sql-indexes'],True,1.0,"{1: 1.0, 3: 1.0, 5: 1.0, 10: 1.0}","{1: 1.0, 3: 1.0, 5: 1.0, 10: 1.0}",0.2,1.0,86.807,"{'bm25': 0.296, 'dense': 8.151, 'fusion': 0.103, 'rerank': 78.257, 'total_ms': 86.807}"
q27,hybrid_rerank,"['sql-joins', 'pandas-merge-join', 'sql-indexes', 'pandas-groupby', 'numpy-views-copies', 'fastapi-security', 'http-status-codes']",['sql-joins'],True,1.0,"{1: 1.0, 3: 1.0, 5: 1.0, 10: 1.0}","{1: 1.0, 3: 1.0, 5: 1.0, 10: 1.0}",0.2,1.0,83.744,"{'bm25': 0.233, 'dense': 10.134, 'fusion': 0.122, 'rerank': 73.256, 'total_ms': 83.744}"
q28,hybrid_rerank,"['rag-overview', 'bm25-explained', 'embeddings-similarity', 'reranking-crossencoder', 'vector-databases', 'rest-http-methods', 'http-caching']",['rag-overview'],True,1.0,"{1: 1.0, 3: 1.0, 5: 1.0, 10: 1.0}","{1: 1.0, 3: 1.0, 5: 1.0, 10: 1.0}",0.2,1.0,113.325,"{'bm25': 0.308, 'dense': 10.75, 'fusion': 0.135, 'rerank': 102.132, 'total_ms': 113.325}"
q29,hybrid_rerank,"['embeddings-similarity', 'numpy-broadcasting', 'pytest-assertions', 'reranking-crossencoder', 'sql-joins', 'numpy-dtypes', 'bm25-explained', 'rest-http-methods']",['embeddings-similarity'],True,1.0,"{1: 1.0, 3: 1.0, 5: 1.0, 10: 1.0}","{1: 1.0, 3: 1.0, 5: 1.0, 10: 1.0}",0.2,1.0,86.001,"{'bm25': 0.267, 'dense': 9.016, 'fusion': 0.105, 'rerank': 76.614, 'total_ms': 86.001}"
q30,hybrid_rerank,"['bm25-explained', 'reranking-crossencoder', 'embeddings-similarity', 'rag-overview', 'vector-databases']","['bm25-explained', 'reranking-crossencoder']",True,1.0,"{1: 0.5, 3: 1.0, 5: 1.0, 10: 1.0}","{1: 1.0, 3: 1.0, 5: 1.0, 10: 1.0}",0.4,1.0,86.534,"{'bm25': 0.278, 'dense': 8.889, 'fusion': 0.118, 'rerank': 77.249, 'total_ms': 86.534}"
q31,hybrid_rerank,"['reranking-crossencoder', 'sql-indexes', 'embeddings-similarity', 'sql-joins', 'bm25-explained', 'fastapi-security', 'git-branching', 'rag-overview']",['reranking-crossencoder'],True,1.0,"{1: 1.0, 3: 1.0, 5: 1.0, 10: 1.0}","{1: 1.0, 3: 1.0, 5: 1.0, 10: 1.0}",0.2,1.0,115.822,"{'bm25': 0.355, 'dense': 11.224, 'fusion': 0.129, 'rerank': 104.113, 'total_ms': 115.822}"
q32,hybrid_rerank,"['reranking-crossencoder', 'pandas-groupby', 'pandas-merge-join', 'sql-joins', 'bm25-explained', 'dockerfile-best-practices']",['reranking-crossencoder'],True,1.0,"{1: 1.0, 3: 1.0, 5: 1.0, 10: 1.0}","{1: 1.0, 3: 1.0, 5: 1.0, 10: 1.0}",0.2,1.0,80.329,"{'bm25': 0.186, 'dense': 7.506, 'fusion': 0.093, 'rerank': 72.544, 'total_ms': 80.329}"
q33,hybrid_rerank,"['bm25-explained', 'reranking-crossencoder', 'sql-transactions', 'http-caching', 'http-status-codes', 'rest-http-methods', 'rag-overview']",['bm25-explained'],True,1.0,"{1: 1.0, 3: 1.0, 5: 1.0, 10: 1.0}","{1: 1.0, 3: 1.0, 5: 1.0, 10: 1.0}",0.2,1.0,83.433,"{'bm25': 0.156, 'dense': 7.995, 'fusion': 0.097, 'rerank': 75.185, 'total_ms': 83.433}"
q34,hybrid_rerank,"['numpy-views-copies', 'numpy-dtypes', 'numpy-broadcasting', 'docker-images-containers', 'vector-databases']",['numpy-views-copies'],True,1.0,"{1: 1.0, 3: 1.0, 5: 1.0, 10: 1.0}","{1: 1.0, 3: 1.0, 5: 1.0, 10: 1.0}",0.2,1.0,90.709,"{'bm25': 0.419, 'dense': 10.23, 'fusion': 0.107, 'rerank': 79.953, 'total_ms': 90.709}"
q35,hybrid_rerank,"['git-stash', 'git-reset-revert', 'git-remotes', 'fastapi-async', 'git-branching', 'fastapi-security']",['git-stash'],True,1.0,"{1: 1.0, 3: 1.0, 5: 1.0, 10: 1.0}","{1: 1.0, 3: 1.0, 5: 1.0, 10: 1.0}",0.2,1.0,113.572,"{'bm25': 0.332, 'dense': 10.947, 'fusion': 0.142, 'rerank': 102.15, 'total_ms': 113.572}"
q36,hybrid_rerank,"['git-remotes', 'git-branching', 'git-reset-revert', 'docker-volumes', 'git-tags', 'python-venv']",['git-remotes'],True,1.0,"{1: 1.0, 3: 1.0, 5: 1.0, 10: 1.0}","{1: 1.0, 3: 1.0, 5: 1.0, 10: 1.0}",0.2,1.0,110.846,"{'bm25': 0.396, 'dense': 10.382, 'fusion': 0.144, 'rerank': 99.924, 'total_ms': 110.846}"
q37,hybrid_rerank,"['docker-volumes', 'docker-images-containers', 'sql-indexes', 'docker-compose', 'rest-http-methods', 'pandas-missing-data', 'git-stash']",['docker-volumes'],True,1.0,"{1: 1.0, 3: 1.0, 5: 1.0, 10: 1.0}","{1: 1.0, 3: 1.0, 5: 1.0, 10: 1.0}",0.2,1.0,107.307,"{'bm25': 0.419, 'dense': 10.131, 'fusion': 0.139, 'rerank': 96.619, 'total_ms': 107.307}"
q38,hybrid_rerank,"['docker-volumes', 'docker-compose', 'docker-images-containers', 'dockerfile-best-practices', 'git-remotes', 'git-branching']",['docker-volumes'],True,1.0,"{1: 1.0, 3: 1.0, 5: 1.0, 10: 1.0}","{1: 1.0, 3: 1.0, 5: 1.0, 10: 1.0}",0.2,1.0,93.492,"{'bm25': 0.48, 'dense': 12.611, 'fusion': 0.155, 'rerank': 80.246, 'total_ms': 93.492}"
q39,hybrid_rerank,"['http-caching', 'rest-http-methods', 'http-status-codes', 'git-reset-revert']",['http-caching'],True,1.0,"{1: 1.0, 3: 1.0, 5: 1.0, 10: 1.0}","{1: 1.0, 3: 1.0, 5: 1.0, 10: 1.0}",0.25,1.0,91.697,"{'bm25': 0.471, 'dense': 12.08, 'fusion': 0.153, 'rerank': 78.994, 'total_ms': 91.697}"
q40,hybrid_rerank,"['fastapi-security', 'fastapi-basics', 'fastapi-async', 'pytest-fixtures', 'pytest-assertions', 'http-caching', 'git-tags']",['fastapi-security'],True,1.0,"{1: 1.0, 3: 1.0, 5: 1.0, 10: 1.0}","{1: 1.0, 3: 1.0, 5: 1.0, 10: 1.0}",0.2,1.0,123.33,"{'bm25': 0.522, 'dense': 12.218, 'fusion': 0.144, 'rerank': 110.447, 'total_ms': 123.33}"
q41,hybrid_rerank,"['pandas-groupby', 'pandas-merge-join', 'pandas-missing-data', 'sql-indexes', 'numpy-broadcasting']",['pandas-groupby'],True,1.0,"{1: 1.0, 3: 1.0, 5: 1.0, 10: 1.0}","{1: 1.0, 3: 1.0, 5: 1.0, 10: 1.0}",0.2,1.0,99.811,"{'bm25': 0.46, 'dense': 9.64, 'fusion': 0.118, 'rerank': 89.593, 'total_ms': 99.811}"
q42,hybrid_rerank,"['numpy-dtypes', 'numpy-broadcasting', 'numpy-views-copies', 'pytest-assertions']",['numpy-dtypes'],True,1.0,"{1: 1.0, 3: 1.0, 5: 1.0, 10: 1.0}","{1: 1.0, 3: 1.0, 5: 1.0, 10: 1.0}",0.25,1.0,117.67,"{'bm25': 0.356, 'dense': 10.947, 'fusion': 0.135, 'rerank': 106.233, 'total_ms': 117.67}"
q43,hybrid_rerank,"['pytest-mocking', 'pytest-fixtures', 'pandas-groupby', 'docker-compose', 'python-venv', 'http-caching', 'pytest-assertions']",['pytest-mocking'],True,1.0,"{1: 1.0, 3: 1.0, 5: 1.0, 10: 1.0}","{1: 1.0, 3: 1.0, 5: 1.0, 10: 1.0}",0.2,1.0,90.157,"{'bm25': 0.359, 'dense': 9.346, 'fusion': 0.109, 'rerank': 80.343, 'total_ms': 90.157}"
q44,hybrid_rerank,"['sql-transactions', 'numpy-broadcasting', 'numpy-views-copies', 'http-caching', 'git-reset-revert', 'pytest-assertions', 'pandas-missing-data', 'sql-joins']",['sql-transactions'],True,1.0,"{1: 1.0, 3: 1.0, 5: 1.0, 10: 1.0}","{1: 1.0, 3: 1.0, 5: 1.0, 10: 1.0}",0.2,1.0,88.455,"{'bm25': 0.393, 'dense': 9.294, 'fusion': 0.107, 'rerank': 78.661, 'total_ms': 88.455}"
q45,hybrid_rerank,"['git-tags', 'git-branching', 'pytest-mocking', 'git-stash', 'git-remotes', 'git-reset-revert']",['git-tags'],True,1.0,"{1: 1.0, 3: 1.0, 5: 1.0, 10: 1.0}","{1: 1.0, 3: 1.0, 5: 1.0, 10: 1.0}",0.2,1.0,133.313,"{'bm25': 0.387, 'dense': 9.876, 'fusion': 0.109, 'rerank': 122.94, 'total_ms': 133.313}"
q46,hybrid_rerank,"['git-remotes', 'git-tags', 'git-stash', 'docker-volumes', 'git-branching']",['git-tags'],True,0.5,"{1: 0.0, 3: 1.0, 5: 1.0, 10: 1.0}","{1: 0.0, 3: 0.6309297535714575, 5: 0.6309297535714575, 10: 0.6309297535714575}",0.2,1.0,105.602,"{'bm25': 0.299, 'dense': 9.123, 'fusion': 0.106, 'rerank': 96.073, 'total_ms': 105.602}"
q47,hybrid_rerank,"['fastapi-security', 'http-caching', 'numpy-views-copies', 'sql-indexes', 'bm25-explained', 'git-branching', 'git-reset-revert', 'docker-volumes', 'vector-databases']",['fastapi-security'],True,1.0,"{1: 1.0, 3: 1.0, 5: 1.0, 10: 1.0}","{1: 1.0, 3: 1.0, 5: 1.0, 10: 1.0}",0.2,1.0,113.626,"{'bm25': 0.372, 'dense': 10.319, 'fusion': 0.131, 'rerank': 102.804, 'total_ms': 113.626}"
q48,hybrid_rerank,"['embeddings-similarity', 'vector-databases', 'sql-indexes', 'reranking-crossencoder', 'pytest-assertions', 'numpy-broadcasting']","['vector-databases', 'embeddings-similarity']",True,1.0,"{1: 0.5, 3: 1.0, 5: 1.0, 10: 1.0}","{1: 1.0, 3: 1.0, 5: 1.0, 10: 1.0}",0.4,1.0,92.335,"{'bm25': 0.345, 'dense': 10.216, 'fusion': 0.105, 'rerank': 81.669, 'total_ms': 92.335}"
q49,hybrid_rerank,"['git-remotes', 'git-tags', 'git-branching', 'git-stash', 'git-reset-revert']",['git-remotes'],True,1.0,"{1: 1.0, 3: 1.0, 5: 1.0, 10: 1.0}","{1: 1.0, 3: 1.0, 5: 1.0, 10: 1.0}",0.2,1.0,134.161,"{'bm25': 0.423, 'dense': 10.606, 'fusion': 0.112, 'rerank': 123.02, 'total_ms': 134.161}"
q50,hybrid_rerank,"['sql-transactions', 'http-caching', 'http-status-codes', 'reranking-crossencoder', 'fastapi-async', 'fastapi-security', 'embeddings-similarity']",['sql-transactions'],True,1.0,"{1: 1.0, 3: 1.0, 5: 1.0, 10: 1.0}","{1: 1.0, 3: 1.0, 5: 1.0, 10: 1.0}",0.2,1.0,89.459,"{'bm25': 0.355, 'dense': 9.36, 'fusion': 0.103, 'rerank': 79.641, 'total_ms': 89.459}"
